"749","a:7:{i:0;a:5:{s:4:""type"";s:6:""time:1"";s:8:""bookable"";s:3:""yes"";s:8:""priority"";i:1;s:4:""from"";s:5:""17:00"";s:2:""to"";s:5:""20:00"";}i:1;a:5:{s:4:""type"";s:6:""time:2"";s:8:""bookable"";s:3:""yes"";s:8:""priority"";i:1;s:4:""from"";s:5:""17:00"";s:2:""to"";s:5:""20:00"";}i:2;a:5:{s:4:""type"";s:6:""time:3"";s:8:""bookable"";s:3:""yes"";s:8:""priority"";i:1;s:4:""from"";s:5:""17:00"";s:2:""to"";s:5:""20:00"";}i:3;a:5:{s:4:""type"";s:6:""time:4"";s:8:""bookable"";s:3:""yes"";s:8:""priority"";i:1;s:4:""from"";s:5:""17:00"";s:2:""to"";s:5:""20:00"";}i:4;a:5:{s:4:""type"";s:6:""time:5"";s:8:""bookable"";s:3:""yes"";s:8:""priority"";i:1;s:4:""from"";s:5:""17:00"";s:2:""to"";s:5:""20:00"";}i:5;a:5:{s:4:""type"";s:6:""time:6"";s:8:""bookable"";s:3:""yes"";s:8:""priority"";i:2;s:4:""from"";s:5:""10:00"";s:2:""to"";s:5:""20:00"";}i:6;a:5:{s:4:""type"";s:6:""time:7"";s:8:""bookable"";s:3:""yes"";s:8:""priority"";i:2;s:4:""from"";s:5:""10:00"";s:2:""to"";s:5:""20:00"";}}"
"813","a:2:{i:0;a:7:{s:4:""type"";s:10:""time:range"";s:8:""bookable"";s:3:""yes"";s:8:""priority"";i:10;s:4:""from"";s:5:""10:00"";s:2:""to"";s:5:""11:30"";s:9:""from_date"";s:10:""2016-06-19"";s:7:""to_date"";s:10:""2016-08-31"";}i:1;a:7:{s:4:""type"";s:10:""time:range"";s:8:""bookable"";s:3:""yes"";s:8:""priority"";i:10;s:4:""from"";s:5:""19:00"";s:2:""to"";s:5:""20:30"";s:9:""from_date"";s:10:""2016-06-19"";s:7:""to_date"";s:10:""2016-08-31"";}}"
"816","a:8:{i:0;a:5:{s:4:""type"";s:6:""time:2"";s:8:""bookable"";s:3:""yes"";s:8:""priority"";i:10;s:4:""from"";s:5:""14:00"";s:2:""to"";s:5:""18:00"";}i:1;a:5:{s:4:""type"";s:6:""time:3"";s:8:""bookable"";s:3:""yes"";s:8:""priority"";i:10;s:4:""from"";s:5:""14:00"";s:2:""to"";s:5:""18:00"";}i:2;a:5:{s:4:""type"";s:6:""time:4"";s:8:""bookable"";s:3:""yes"";s:8:""priority"";i:10;s:4:""from"";s:5:""14:00"";s:2:""to"";s:5:""18:00"";}i:3;a:5:{s:4:""type"";s:6:""time:5"";s:8:""bookable"";s:3:""yes"";s:8:""priority"";i:10;s:4:""from"";s:5:""14:00"";s:2:""to"";s:5:""18:00"";}i:4;a:5:{s:4:""type"";s:6:""time:6"";s:8:""bookable"";s:3:""yes"";s:8:""priority"";i:11;s:4:""from"";s:5:""09:00"";s:2:""to"";s:5:""13:00"";}i:5;a:5:{s:4:""type"";s:6:""time:7"";s:8:""bookable"";s:3:""yes"";s:8:""priority"";i:11;s:4:""from"";s:5:""09:00"";s:2:""to"";s:5:""13:00"";}i:6;a:5:{s:4:""type"";s:6:""time:6"";s:8:""bookable"";s:3:""yes"";s:8:""priority"";i:10;s:4:""from"";s:5:""14:00"";s:2:""to"";s:5:""18:00"";}i:7;a:5:{s:4:""type"";s:6:""time:7"";s:8:""bookable"";s:3:""yes"";s:8:""priority"";i:10;s:4:""from"";s:5:""14:00"";s:2:""to"";s:5:""18:00"";}}"
"819","a:10:{i:0;a:5:{s:4:""type"";s:6:""custom"";s:8:""bookable"";s:2:""no"";s:8:""priority"";i:1;s:4:""from"";s:10:""2016-06-30"";s:2:""to"";s:10:""2016-08-23"";}i:1;a:5:{s:4:""type"";s:6:""time:1"";s:8:""bookable"";s:3:""yes"";s:8:""priority"";i:2;s:4:""from"";s:5:""18:00"";s:2:""to"";s:5:""19:15"";}i:2;a:5:{s:4:""type"";s:6:""time:2"";s:8:""bookable"";s:3:""yes"";s:8:""priority"";i:3;s:4:""from"";s:5:""16:00"";s:2:""to"";s:5:""18:00"";}i:3;a:5:{s:4:""type"";s:6:""time:3"";s:8:""bookable"";s:3:""yes"";s:8:""priority"";i:3;s:4:""from"";s:5:""16:00"";s:2:""to"";s:5:""18:00"";}i:4;a:5:{s:4:""type"";s:6:""time:3"";s:8:""bookable"";s:3:""yes"";s:8:""priority"";i:4;s:4:""from"";s:5:""19:15"";s:2:""to"";s:5:""20:30"";}i:5;a:5:{s:4:""type"";s:6:""time:4"";s:8:""bookable"";s:3:""yes"";s:8:""priority"";i:3;s:4:""from"";s:5:""16:00"";s:2:""to"";s:5:""18:00"";}i:6;a:5:{s:4:""type"";s:6:""time:5"";s:8:""bookable"";s:3:""yes"";s:8:""priority"";i:5;s:4:""from"";s:5:""18:15"";s:2:""to"";s:5:""20:30"";}i:7;a:5:{s:4:""type"";s:6:""time:5"";s:8:""bookable"";s:3:""yes"";s:8:""priority"";i:4;s:4:""from"";s:5:""19:15"";s:2:""to"";s:5:""20:30"";}i:8;a:5:{s:4:""type"";s:6:""time:6"";s:8:""bookable"";s:3:""yes"";s:8:""priority"";i:6;s:4:""from"";s:5:""17:00"";s:2:""to"";s:5:""20:00"";}i:9;a:5:{s:4:""type"";s:6:""time:7"";s:8:""bookable"";s:3:""yes"";s:8:""priority"";i:7;s:4:""from"";s:5:""08:00"";s:2:""to"";s:5:""12:00"";}}"
"822","a:2:{i:0;a:5:{s:4:""type"";s:6:""time:6"";s:8:""bookable"";s:3:""yes"";s:8:""priority"";i:1;s:4:""from"";s:5:""11:00"";s:2:""to"";s:5:""15:00"";}i:1;a:5:{s:4:""type"";s:6:""time:7"";s:8:""bookable"";s:3:""yes"";s:8:""priority"";i:2;s:4:""from"";s:5:""10:00"";s:2:""to"";s:5:""14:00"";}}"
"859","a:2:{i:0;a:5:{s:4:""type"";s:4:""time"";s:8:""bookable"";s:3:""yes"";s:8:""priority"";i:1;s:4:""from"";s:5:""09:00"";s:2:""to"";s:5:""13:00"";}i:1;a:5:{s:4:""type"";s:4:""time"";s:8:""bookable"";s:3:""yes"";s:8:""priority"";i:2;s:4:""from"";s:5:""14:00"";s:2:""to"";s:5:""18:00"";}}"
"917","a:2:{i:0;a:5:{s:4:""type"";s:6:""time:6"";s:8:""bookable"";s:3:""yes"";s:8:""priority"";i:10;s:4:""from"";s:5:""10:00"";s:2:""to"";s:5:""18:00"";}i:1;a:5:{s:4:""type"";s:6:""time:7"";s:8:""bookable"";s:3:""yes"";s:8:""priority"";i:10;s:4:""from"";s:5:""10:00"";s:2:""to"";s:5:""18:00"";}}"
"935","a:1:{i:0;a:5:{s:4:""type"";s:6:""custom"";s:8:""bookable"";s:2:""no"";s:8:""priority"";i:10;s:4:""from"";s:0:"""";s:2:""to"";s:0:"""";}}"
"941","a:7:{i:0;a:5:{s:4:""type"";s:6:""time:1"";s:8:""bookable"";s:3:""yes"";s:8:""priority"";i:10;s:4:""from"";s:5:""19:00"";s:2:""to"";s:5:""20:15"";}i:1;a:5:{s:4:""type"";s:6:""time:2"";s:8:""bookable"";s:3:""yes"";s:8:""priority"";i:10;s:4:""from"";s:5:""19:00"";s:2:""to"";s:5:""20:15"";}i:2;a:5:{s:4:""type"";s:6:""time:3"";s:8:""bookable"";s:3:""yes"";s:8:""priority"";i:10;s:4:""from"";s:5:""19:00"";s:2:""to"";s:5:""20:15"";}i:3;a:5:{s:4:""type"";s:6:""time:4"";s:8:""bookable"";s:3:""yes"";s:8:""priority"";i:10;s:4:""from"";s:5:""19:00"";s:2:""to"";s:5:""20:15"";}i:4;a:5:{s:4:""type"";s:6:""time:5"";s:8:""bookable"";s:3:""yes"";s:8:""priority"";i:10;s:4:""from"";s:5:""19:00"";s:2:""to"";s:5:""20:15"";}i:5;a:5:{s:4:""type"";s:6:""time:6"";s:8:""bookable"";s:3:""yes"";s:8:""priority"";i:10;s:4:""from"";s:5:""09:00"";s:2:""to"";s:5:""18:00"";}i:6;a:5:{s:4:""type"";s:6:""time:7"";s:8:""bookable"";s:3:""yes"";s:8:""priority"";i:10;s:4:""from"";s:5:""09:00"";s:2:""to"";s:5:""18:00"";}}"
"942","a:2:{i:0;a:5:{s:4:""type"";s:4:""time"";s:8:""bookable"";s:3:""yes"";s:8:""priority"";i:10;s:4:""from"";s:5:""09:00"";s:2:""to"";s:5:""13:00"";}i:1;a:5:{s:4:""type"";s:4:""time"";s:8:""bookable"";s:3:""yes"";s:8:""priority"";i:10;s:4:""from"";s:5:""14:00"";s:2:""to"";s:5:""18:00"";}}"
"981","a:1:{i:0;a:5:{s:4:""type"";s:6:""custom"";s:8:""bookable"";s:2:""no"";s:8:""priority"";i:10;s:4:""from"";s:0:"""";s:2:""to"";s:0:"""";}}"
"989","a:1:{i:0;a:5:{s:4:""type"";s:6:""custom"";s:8:""bookable"";s:2:""no"";s:8:""priority"";i:10;s:4:""from"";s:0:"""";s:2:""to"";s:0:"""";}}"
"1024","a:1:{i:0;a:5:{s:4:""type"";s:4:""time"";s:8:""bookable"";s:3:""yes"";s:8:""priority"";i:1;s:4:""from"";s:5:""16:00"";s:2:""to"";s:5:""22:00"";}}"
"1032","a:1:{i:0;a:5:{s:4:""type"";s:6:""custom"";s:8:""bookable"";s:3:""yes"";s:8:""priority"";i:10;s:4:""from"";s:10:""2016-04-23"";s:2:""to"";s:10:""2017-04-29"";}}"
"1031","a:1:{i:0;a:5:{s:4:""type"";s:6:""custom"";s:8:""bookable"";s:3:""yes"";s:8:""priority"";i:10;s:4:""from"";s:10:""2016-04-23"";s:2:""to"";s:10:""2017-04-29"";}}"
"1030","a:1:{i:0;a:5:{s:4:""type"";s:6:""custom"";s:8:""bookable"";s:3:""yes"";s:8:""priority"";i:10;s:4:""from"";s:10:""2016-04-23"";s:2:""to"";s:10:""2017-04-29"";}}"
"1029","a:1:{i:0;a:5:{s:4:""type"";s:6:""custom"";s:8:""bookable"";s:3:""yes"";s:8:""priority"";i:10;s:4:""from"";s:10:""2016-04-23"";s:2:""to"";s:10:""2017-04-29"";}}"
"1148","a:2:{i:0;a:5:{s:4:""type"";s:6:""time:2"";s:8:""bookable"";s:3:""yes"";s:8:""priority"";i:1;s:4:""from"";s:5:""18:30"";s:2:""to"";s:5:""19:30"";}i:1;a:5:{s:4:""type"";s:6:""time:4"";s:8:""bookable"";s:3:""yes"";s:8:""priority"";i:10;s:4:""from"";s:5:""18:30"";s:2:""to"";s:5:""19:30"";}}"
"1156","a:1:{i:0;a:5:{s:4:""type"";s:4:""time"";s:8:""bookable"";s:3:""yes"";s:8:""priority"";i:10;s:4:""from"";s:5:""10:00"";s:2:""to"";s:5:""13:00"";}}"
"1286","a:1:{i:0;a:5:{s:4:""type"";s:6:""custom"";s:8:""bookable"";s:3:""yes"";s:8:""priority"";i:10;s:4:""from"";s:10:""2016-05-01"";s:2:""to"";s:10:""2016-06-30"";}}"
"1345","a:5:{i:0;a:5:{s:4:""type"";s:4:""time"";s:8:""bookable"";s:3:""yes"";s:8:""priority"";i:10;s:4:""from"";s:5:""09:00"";s:2:""to"";s:5:""11:00"";}i:1;a:5:{s:4:""type"";s:4:""time"";s:8:""bookable"";s:3:""yes"";s:8:""priority"";i:10;s:4:""from"";s:5:""11:00"";s:2:""to"";s:5:""13:00"";}i:2;a:5:{s:4:""type"";s:4:""time"";s:8:""bookable"";s:3:""yes"";s:8:""priority"";i:10;s:4:""from"";s:5:""13:30"";s:2:""to"";s:5:""15:30"";}i:3;a:5:{s:4:""type"";s:4:""time"";s:8:""bookable"";s:3:""yes"";s:8:""priority"";i:10;s:4:""from"";s:5:""15:30"";s:2:""to"";s:5:""17:30"";}i:4;a:5:{s:4:""type"";s:4:""time"";s:8:""bookable"";s:3:""yes"";s:8:""priority"";i:10;s:4:""from"";s:5:""17:30"";s:2:""to"";s:5:""19:30"";}}"
"1379","a:2:{i:0;a:5:{s:4:""type"";s:4:""days"";s:8:""bookable"";s:2:""no"";s:8:""priority"";i:10;s:4:""from"";s:1:""1"";s:2:""to"";s:1:""5"";}i:1;a:5:{s:4:""type"";s:4:""days"";s:8:""bookable"";s:3:""yes"";s:8:""priority"";i:10;s:4:""from"";s:1:""6"";s:2:""to"";s:1:""7"";}}"
"1391","a:1:{i:0;a:5:{s:4:""type"";s:4:""time"";s:8:""bookable"";s:3:""yes"";s:8:""priority"";i:10;s:4:""from"";s:5:""21:00"";s:2:""to"";s:5:""00:00"";}}"
"1476","a:1:{i:0;a:5:{s:4:""type"";s:6:""custom"";s:8:""bookable"";s:3:""yes"";s:8:""priority"";i:10;s:4:""from"";s:10:""2016-05-28"";s:2:""to"";s:10:""2016-05-28"";}}"
"1490","a:3:{i:0;a:5:{s:4:""type"";s:6:""time:6"";s:8:""bookable"";s:3:""yes"";s:8:""priority"";i:10;s:4:""from"";s:5:""08:00"";s:2:""to"";s:5:""11:00"";}i:1;a:5:{s:4:""type"";s:6:""time:1"";s:8:""bookable"";s:3:""yes"";s:8:""priority"";i:10;s:4:""from"";s:5:""08:00"";s:2:""to"";s:5:""11:00"";}i:2;a:5:{s:4:""type"";s:6:""time:2"";s:8:""bookable"";s:3:""yes"";s:8:""priority"";i:10;s:4:""from"";s:5:""08:00"";s:2:""to"";s:5:""11:00"";}}"
"1491","a:1:{i:0;a:5:{s:4:""type"";s:6:""time:3"";s:8:""bookable"";s:3:""yes"";s:8:""priority"";i:10;s:4:""from"";s:5:""08:00"";s:2:""to"";s:5:""11:00"";}}"
"1492","a:3:{i:0;a:5:{s:4:""type"";s:6:""time:6"";s:8:""bookable"";s:3:""yes"";s:8:""priority"";i:10;s:4:""from"";s:5:""08:00"";s:2:""to"";s:5:""11:00"";}i:1;a:5:{s:4:""type"";s:6:""time:1"";s:8:""bookable"";s:3:""yes"";s:8:""priority"";i:10;s:4:""from"";s:5:""08:00"";s:2:""to"";s:5:""11:00"";}i:2;a:5:{s:4:""type"";s:6:""time:2"";s:8:""bookable"";s:3:""yes"";s:8:""priority"";i:10;s:4:""from"";s:5:""08:00"";s:2:""to"";s:5:""11:00"";}}"
"1502","a:6:{i:0;a:5:{s:4:""type"";s:6:""time:2"";s:8:""bookable"";s:3:""yes"";s:8:""priority"";i:11;s:4:""from"";s:5:""09:30"";s:2:""to"";s:5:""21:00"";}i:1;a:5:{s:4:""type"";s:6:""time:3"";s:8:""bookable"";s:3:""yes"";s:8:""priority"";i:10;s:4:""from"";s:5:""09:30"";s:2:""to"";s:5:""21:00"";}i:2;a:5:{s:4:""type"";s:6:""time:4"";s:8:""bookable"";s:3:""yes"";s:8:""priority"";i:10;s:4:""from"";s:5:""09:30"";s:2:""to"";s:5:""21:00"";}i:3;a:5:{s:4:""type"";s:6:""time:5"";s:8:""bookable"";s:3:""yes"";s:8:""priority"";i:10;s:4:""from"";s:5:""09:30"";s:2:""to"";s:5:""21:00"";}i:4;a:5:{s:4:""type"";s:6:""time:6"";s:8:""bookable"";s:3:""yes"";s:8:""priority"";i:10;s:4:""from"";s:5:""09:30"";s:2:""to"";s:5:""21:00"";}i:5;a:5:{s:4:""type"";s:6:""time:7"";s:8:""bookable"";s:3:""yes"";s:8:""priority"";i:10;s:4:""from"";s:5:""09:30"";s:2:""to"";s:5:""21:00"";}}"
"1514","a:6:{i:0;a:5:{s:4:""type"";s:6:""time:2"";s:8:""bookable"";s:3:""yes"";s:8:""priority"";i:10;s:4:""from"";s:5:""09:30"";s:2:""to"";s:5:""12:30"";}i:1;a:5:{s:4:""type"";s:6:""time:3"";s:8:""bookable"";s:3:""yes"";s:8:""priority"";i:10;s:4:""from"";s:5:""09:30"";s:2:""to"";s:5:""12:30"";}i:2;a:5:{s:4:""type"";s:6:""time:4"";s:8:""bookable"";s:3:""yes"";s:8:""priority"";i:10;s:4:""from"";s:5:""09:30"";s:2:""to"";s:5:""12:30"";}i:3;a:5:{s:4:""type"";s:6:""time:5"";s:8:""bookable"";s:3:""yes"";s:8:""priority"";i:10;s:4:""from"";s:5:""09:30"";s:2:""to"";s:5:""12:30"";}i:4;a:5:{s:4:""type"";s:6:""time:6"";s:8:""bookable"";s:3:""yes"";s:8:""priority"";i:10;s:4:""from"";s:5:""09:30"";s:2:""to"";s:5:""12:30"";}i:5;a:5:{s:4:""type"";s:6:""time:7"";s:8:""bookable"";s:3:""yes"";s:8:""priority"";i:10;s:4:""from"";s:5:""09:30"";s:2:""to"";s:5:""12:30"";}}"
"1519","a:6:{i:0;a:5:{s:4:""type"";s:6:""time:2"";s:8:""bookable"";s:3:""yes"";s:8:""priority"";i:10;s:4:""from"";s:5:""09:30"";s:2:""to"";s:5:""21:00"";}i:1;a:5:{s:4:""type"";s:6:""time:3"";s:8:""bookable"";s:3:""yes"";s:8:""priority"";i:10;s:4:""from"";s:5:""09:30"";s:2:""to"";s:5:""21:00"";}i:2;a:5:{s:4:""type"";s:6:""time:4"";s:8:""bookable"";s:3:""yes"";s:8:""priority"";i:10;s:4:""from"";s:5:""09:30"";s:2:""to"";s:5:""21:00"";}i:3;a:5:{s:4:""type"";s:6:""time:5"";s:8:""bookable"";s:3:""yes"";s:8:""priority"";i:10;s:4:""from"";s:5:""09:30"";s:2:""to"";s:5:""21:00"";}i:4;a:5:{s:4:""type"";s:6:""time:6"";s:8:""bookable"";s:3:""yes"";s:8:""priority"";i:10;s:4:""from"";s:5:""09:30"";s:2:""to"";s:5:""21:00"";}i:5;a:5:{s:4:""type"";s:6:""time:7"";s:8:""bookable"";s:3:""yes"";s:8:""priority"";i:10;s:4:""from"";s:5:""09:30"";s:2:""to"";s:5:""21:00"";}}"
"1537","a:2:{i:0;a:5:{s:4:""type"";s:4:""time"";s:8:""bookable"";s:3:""yes"";s:8:""priority"";i:10;s:4:""from"";s:5:""06:00"";s:2:""to"";s:5:""12:00"";}i:1;a:5:{s:4:""type"";s:4:""time"";s:8:""bookable"";s:3:""yes"";s:8:""priority"";i:10;s:4:""from"";s:5:""15:00"";s:2:""to"";s:5:""19:00"";}}"
"1582","a:1:{i:0;a:5:{s:4:""type"";s:4:""time"";s:8:""bookable"";s:3:""yes"";s:8:""priority"";i:10;s:4:""from"";s:5:""10:00"";s:2:""to"";s:5:""13:00"";}}"
"1733","a:1:{i:0;a:5:{s:4:""type"";s:6:""time:4"";s:8:""bookable"";s:3:""yes"";s:8:""priority"";i:10;s:4:""from"";s:5:""18:00"";s:2:""to"";s:5:""19:00"";}}"
"1740","a:1:{i:0;a:5:{s:4:""type"";s:6:""custom"";s:8:""bookable"";s:3:""yes"";s:8:""priority"";i:1;s:4:""from"";s:10:""2016-06-24"";s:2:""to"";s:10:""2016-06-26"";}}"
"1751","a:3:{i:0;a:5:{s:4:""type"";s:6:""custom"";s:8:""bookable"";s:2:""no"";s:8:""priority"";i:1;s:4:""from"";s:10:""2016-06-30"";s:2:""to"";s:10:""2016-07-09"";}i:1;a:5:{s:4:""type"";s:6:""time:6"";s:8:""bookable"";s:3:""yes"";s:8:""priority"";i:2;s:4:""from"";s:5:""09:00"";s:2:""to"";s:5:""17:00"";}i:2;a:5:{s:4:""type"";s:6:""time:7"";s:8:""bookable"";s:3:""yes"";s:8:""priority"";i:3;s:4:""from"";s:5:""09:00"";s:2:""to"";s:5:""17:00"";}}"
"1774","a:1:{i:0;a:7:{s:4:""type"";s:10:""time:range"";s:8:""bookable"";s:3:""yes"";s:8:""priority"";i:1;s:4:""from"";s:5:""09:00"";s:2:""to"";s:5:""17:00"";s:9:""from_date"";s:10:""2016-10-02"";s:7:""to_date"";s:10:""2017-01-15"";}}"
"1799","a:1:{i:0;a:7:{s:4:""type"";s:10:""time:range"";s:8:""bookable"";s:3:""yes"";s:8:""priority"";i:10;s:4:""from"";s:5:""22:00"";s:2:""to"";s:5:""01:30"";s:9:""from_date"";s:10:""2016-06-10"";s:7:""to_date"";s:10:""2016-06-11"";}}"
"1809","a:3:{i:0;a:7:{s:4:""type"";s:10:""time:range"";s:8:""bookable"";s:3:""yes"";s:8:""priority"";i:1;s:4:""from"";s:5:""09:30"";s:2:""to"";s:5:""15:00"";s:9:""from_date"";s:10:""2016-06-10"";s:7:""to_date"";s:10:""2016-06-23"";}i:1;a:7:{s:4:""type"";s:10:""time:range"";s:8:""bookable"";s:2:""no"";s:8:""priority"";i:2;s:4:""from"";s:5:""09:30"";s:2:""to"";s:5:""15:00"";s:9:""from_date"";s:10:""2016-06-24"";s:7:""to_date"";s:10:""2016-07-13"";}i:2;a:7:{s:4:""type"";s:10:""time:range"";s:8:""bookable"";s:3:""yes"";s:8:""priority"";i:3;s:4:""from"";s:5:""09:30"";s:2:""to"";s:5:""15:00"";s:9:""from_date"";s:10:""2016-07-14"";s:7:""to_date"";s:10:""2016-09-15"";}}"
"1815","a:3:{i:0;a:7:{s:4:""type"";s:10:""time:range"";s:8:""bookable"";s:3:""yes"";s:8:""priority"";i:1;s:4:""from"";s:5:""09:30"";s:2:""to"";s:5:""15:00"";s:9:""from_date"";s:10:""2016-06-10"";s:7:""to_date"";s:10:""2016-06-23"";}i:1;a:7:{s:4:""type"";s:10:""time:range"";s:8:""bookable"";s:2:""no"";s:8:""priority"";i:2;s:4:""from"";s:5:""09:30"";s:2:""to"";s:5:""15:00"";s:9:""from_date"";s:10:""2016-06-24"";s:7:""to_date"";s:10:""2016-07-13"";}i:2;a:7:{s:4:""type"";s:10:""time:range"";s:8:""bookable"";s:3:""yes"";s:8:""priority"";i:3;s:4:""from"";s:5:""09:30"";s:2:""to"";s:5:""15:00"";s:9:""from_date"";s:10:""2016-07-14"";s:7:""to_date"";s:10:""2016-09-15"";}}"
"1817","a:3:{i:0;a:7:{s:4:""type"";s:10:""time:range"";s:8:""bookable"";s:3:""yes"";s:8:""priority"";i:1;s:4:""from"";s:5:""19:00"";s:2:""to"";s:5:""22:00"";s:9:""from_date"";s:10:""2016-06-10"";s:7:""to_date"";s:10:""2016-06-23"";}i:1;a:7:{s:4:""type"";s:10:""time:range"";s:8:""bookable"";s:2:""no"";s:8:""priority"";i:2;s:4:""from"";s:5:""19:00"";s:2:""to"";s:5:""22:00"";s:9:""from_date"";s:10:""2016-06-24"";s:7:""to_date"";s:10:""2016-07-13"";}i:2;a:7:{s:4:""type"";s:10:""time:range"";s:8:""bookable"";s:3:""yes"";s:8:""priority"";i:3;s:4:""from"";s:5:""19:00"";s:2:""to"";s:5:""22:00"";s:9:""from_date"";s:10:""2016-07-14"";s:7:""to_date"";s:10:""2016-09-15"";}}"
"1852","a:1:{i:0;a:7:{s:4:""type"";s:10:""time:range"";s:8:""bookable"";s:3:""yes"";s:8:""priority"";i:1;s:4:""from"";s:5:""09:00"";s:2:""to"";s:5:""21:00"";s:9:""from_date"";s:10:""2016-07-07"";s:7:""to_date"";s:10:""2016-08-25"";}}"
"1854","a:1:{i:0;a:7:{s:4:""type"";s:10:""time:range"";s:8:""bookable"";s:3:""yes"";s:8:""priority"";i:10;s:4:""from"";s:5:""09:00"";s:2:""to"";s:5:""14:30"";s:9:""from_date"";s:10:""2016-07-01"";s:7:""to_date"";s:10:""2016-09-15"";}}"
"1858","a:1:{i:0;a:7:{s:4:""type"";s:10:""time:range"";s:8:""bookable"";s:2:""no"";s:8:""priority"";i:10;s:4:""from"";s:5:""09:00"";s:2:""to"";s:5:""20:00"";s:9:""from_date"";s:10:""2016-07-01"";s:7:""to_date"";s:10:""2016-09-03"";}}"
"1862","a:1:{i:0;a:7:{s:4:""type"";s:10:""time:range"";s:8:""bookable"";s:3:""yes"";s:8:""priority"";i:10;s:4:""from"";s:5:""09:00"";s:2:""to"";s:5:""20:00"";s:9:""from_date"";s:10:""2016-07-01"";s:7:""to_date"";s:10:""2016-09-03"";}}"
"1868","a:1:{i:0;a:5:{s:4:""type"";s:4:""days"";s:8:""bookable"";s:3:""yes"";s:8:""priority"";i:1;s:4:""from"";s:1:""1"";s:2:""to"";s:1:""6"";}}"
"1882","a:1:{i:0;a:5:{s:4:""type"";s:4:""days"";s:8:""bookable"";s:3:""yes"";s:8:""priority"";i:1;s:4:""from"";s:1:""6"";s:2:""to"";s:1:""7"";}}"
"2161","a:4:{i:0;a:5:{s:4:""type"";s:6:""months"";s:8:""bookable"";s:2:""no"";s:8:""priority"";i:1;s:4:""from"";s:2:""11"";s:2:""to"";s:1:""1"";}i:1;a:5:{s:4:""type"";s:6:""months"";s:8:""bookable"";s:2:""no"";s:8:""priority"";i:2;s:4:""from"";s:1:""1"";s:2:""to"";s:1:""4"";}i:2;a:5:{s:4:""type"";s:4:""days"";s:8:""bookable"";s:3:""yes"";s:8:""priority"";i:3;s:4:""from"";s:1:""1"";s:2:""to"";s:1:""4"";}i:3;a:5:{s:4:""type"";s:4:""days"";s:8:""bookable"";s:2:""no"";s:8:""priority"";i:4;s:4:""from"";s:1:""5"";s:2:""to"";s:1:""7"";}}"
"2163","a:3:{i:0;a:5:{s:4:""type"";s:6:""months"";s:8:""bookable"";s:2:""no"";s:8:""priority"";i:1;s:4:""from"";s:1:""8"";s:2:""to"";s:1:""8"";}i:1;a:5:{s:4:""type"";s:6:""months"";s:8:""bookable"";s:3:""yes"";s:8:""priority"";i:2;s:4:""from"";s:1:""1"";s:2:""to"";s:1:""7"";}i:2;a:5:{s:4:""type"";s:6:""months"";s:8:""bookable"";s:3:""yes"";s:8:""priority"";i:3;s:4:""from"";s:1:""9"";s:2:""to"";s:2:""12"";}}"
"2172","a:1:{i:0;a:5:{s:4:""type"";s:4:""days"";s:8:""bookable"";s:3:""yes"";s:8:""priority"";i:1;s:4:""from"";s:1:""6"";s:2:""to"";s:1:""6"";}}"
"2179","a:1:{i:0;a:5:{s:4:""type"";s:6:""custom"";s:8:""bookable"";s:3:""yes"";s:8:""priority"";i:1;s:4:""from"";s:10:""2016-07-24"";s:2:""to"";s:10:""2016-07-24"";}}"
"2203","a:1:{i:0;a:5:{s:4:""type"";s:6:""time:6"";s:8:""bookable"";s:3:""yes"";s:8:""priority"";i:1;s:4:""from"";s:5:""09:00"";s:2:""to"";s:5:""18:00"";}}"
"2369","a:1:{i:0;a:5:{s:4:""type"";s:6:""time:6"";s:8:""bookable"";s:3:""yes"";s:8:""priority"";i:1;s:4:""from"";s:5:""09:00"";s:2:""to"";s:5:""18:00"";}}"
"2453","a:2:{i:0;a:5:{s:4:""type"";s:6:""time:6"";s:8:""bookable"";s:3:""yes"";s:8:""priority"";i:11;s:4:""from"";s:5:""16:00"";s:2:""to"";s:5:""19:00"";}i:1;a:5:{s:4:""type"";s:6:""time:7"";s:8:""bookable"";s:3:""yes"";s:8:""priority"";i:10;s:4:""from"";s:5:""14:00"";s:2:""to"";s:5:""18:00"";}}"
"2454","a:2:{i:0;a:5:{s:4:""type"";s:6:""time:6"";s:8:""bookable"";s:3:""yes"";s:8:""priority"";i:11;s:4:""from"";s:5:""16:00"";s:2:""to"";s:5:""19:00"";}i:1;a:5:{s:4:""type"";s:6:""time:7"";s:8:""bookable"";s:3:""yes"";s:8:""priority"";i:10;s:4:""from"";s:5:""14:00"";s:2:""to"";s:5:""18:00"";}}"
"2455","a:2:{i:0;a:5:{s:4:""type"";s:6:""time:6"";s:8:""bookable"";s:3:""yes"";s:8:""priority"";i:11;s:4:""from"";s:5:""16:00"";s:2:""to"";s:5:""19:00"";}i:1;a:5:{s:4:""type"";s:6:""time:7"";s:8:""bookable"";s:3:""yes"";s:8:""priority"";i:10;s:4:""from"";s:5:""14:00"";s:2:""to"";s:5:""18:00"";}}"
"2626","a:2:{i:0;a:5:{s:4:""type"";s:4:""days"";s:8:""bookable"";s:2:""no"";s:8:""priority"";i:1;s:4:""from"";s:1:""1"";s:2:""to"";s:1:""5"";}i:1;a:5:{s:4:""type"";s:4:""days"";s:8:""bookable"";s:3:""yes"";s:8:""priority"";i:2;s:4:""from"";s:1:""6"";s:2:""to"";s:1:""7"";}}"
"2641","a:2:{i:0;a:5:{s:4:""type"";s:4:""days"";s:8:""bookable"";s:2:""no"";s:8:""priority"";i:10;s:4:""from"";s:1:""1"";s:2:""to"";s:1:""6"";}i:1;a:5:{s:4:""type"";s:6:""time:7"";s:8:""bookable"";s:3:""yes"";s:8:""priority"";i:10;s:4:""from"";s:5:""06:00"";s:2:""to"";s:5:""20:00"";}}"
"2642","a:2:{i:0;a:5:{s:4:""type"";s:4:""days"";s:8:""bookable"";s:3:""yes"";s:8:""priority"";i:0;s:4:""from"";s:1:""1"";s:2:""to"";s:1:""6"";}i:1;a:5:{s:4:""type"";s:6:""time:7"";s:8:""bookable"";s:2:""no"";s:8:""priority"";i:10;s:4:""from"";s:5:""00:00"";s:2:""to"";s:5:""00:00"";}}"
"2707","a:2:{i:0;a:5:{s:4:""type"";s:6:""time:6"";s:8:""bookable"";s:3:""yes"";s:8:""priority"";i:11;s:4:""from"";s:5:""16:00"";s:2:""to"";s:5:""19:00"";}i:1;a:5:{s:4:""type"";s:6:""time:7"";s:8:""bookable"";s:3:""yes"";s:8:""priority"";i:10;s:4:""from"";s:5:""14:00"";s:2:""to"";s:5:""18:00"";}}"
"3469","a:3:{i:0;a:5:{s:4:""type"";s:4:""days"";s:8:""bookable"";s:3:""yes"";s:8:""priority"";i:1;s:4:""from"";s:1:""1"";s:2:""to"";s:1:""2"";}i:1;a:5:{s:4:""type"";s:4:""days"";s:8:""bookable"";s:3:""yes"";s:8:""priority"";i:1;s:4:""from"";s:1:""3"";s:2:""to"";s:1:""4"";}i:2;a:5:{s:4:""type"";s:4:""days"";s:8:""bookable"";s:3:""yes"";s:8:""priority"";i:1;s:4:""from"";s:1:""6"";s:2:""to"";s:1:""7"";}}"
"3477","a:2:{i:0;a:5:{s:4:""type"";s:4:""time"";s:8:""bookable"";s:3:""yes"";s:8:""priority"";i:10;s:4:""from"";s:5:""08:00"";s:2:""to"";s:5:""21:00"";}i:1;a:5:{s:4:""type"";s:4:""time"";s:8:""bookable"";s:2:""no"";s:8:""priority"";i:10;s:4:""from"";s:5:""21:00"";s:2:""to"";s:5:""08:00"";}}"
"3479","a:2:{i:0;a:5:{s:4:""type"";s:4:""days"";s:8:""bookable"";s:3:""yes"";s:8:""priority"";i:1;s:4:""from"";s:1:""7"";s:2:""to"";s:1:""7"";}i:1;a:5:{s:4:""type"";s:4:""days"";s:8:""bookable"";s:3:""yes"";s:8:""priority"";i:1;s:4:""from"";s:1:""3"";s:2:""to"";s:1:""3"";}}"
"3488","a:3:{i:0;a:5:{s:4:""type"";s:4:""days"";s:8:""bookable"";s:3:""yes"";s:8:""priority"";i:1;s:4:""from"";s:1:""7"";s:2:""to"";s:1:""1"";}i:1;a:5:{s:4:""type"";s:4:""days"";s:8:""bookable"";s:3:""yes"";s:8:""priority"";i:1;s:4:""from"";s:1:""3"";s:2:""to"";s:1:""3"";}i:2;a:5:{s:4:""type"";s:4:""days"";s:8:""bookable"";s:3:""yes"";s:8:""priority"";i:1;s:4:""from"";s:1:""5"";s:2:""to"";s:1:""5"";}}"
"3489","a:3:{i:0;a:5:{s:4:""type"";s:4:""days"";s:8:""bookable"";s:3:""yes"";s:8:""priority"";i:1;s:4:""from"";s:1:""7"";s:2:""to"";s:1:""1"";}i:1;a:5:{s:4:""type"";s:4:""days"";s:8:""bookable"";s:3:""yes"";s:8:""priority"";i:1;s:4:""from"";s:1:""3"";s:2:""to"";s:1:""3"";}i:2;a:5:{s:4:""type"";s:4:""days"";s:8:""bookable"";s:3:""yes"";s:8:""priority"";i:1;s:4:""from"";s:1:""5"";s:2:""to"";s:1:""5"";}}"
"3522","a:2:{i:0;a:5:{s:4:""type"";s:4:""days"";s:8:""bookable"";s:3:""yes"";s:8:""priority"";i:1;s:4:""from"";s:1:""7"";s:2:""to"";s:1:""7"";}i:1;a:5:{s:4:""type"";s:4:""days"";s:8:""bookable"";s:3:""yes"";s:8:""priority"";i:1;s:4:""from"";s:1:""3"";s:2:""to"";s:1:""3"";}}"
"3523","a:2:{i:0;a:5:{s:4:""type"";s:4:""days"";s:8:""bookable"";s:3:""yes"";s:8:""priority"";i:1;s:4:""from"";s:1:""3"";s:2:""to"";s:1:""4"";}i:1;a:5:{s:4:""type"";s:4:""days"";s:8:""bookable"";s:3:""yes"";s:8:""priority"";i:1;s:4:""from"";s:1:""6"";s:2:""to"";s:1:""7"";}}"
"3552","a:2:{i:0;a:5:{s:4:""type"";s:4:""days"";s:8:""bookable"";s:3:""yes"";s:8:""priority"";i:1;s:4:""from"";s:1:""3"";s:2:""to"";s:1:""4"";}i:1;a:5:{s:4:""type"";s:4:""days"";s:8:""bookable"";s:3:""yes"";s:8:""priority"";i:1;s:4:""from"";s:1:""6"";s:2:""to"";s:1:""7"";}}"
"3553","a:2:{i:0;a:5:{s:4:""type"";s:4:""days"";s:8:""bookable"";s:3:""yes"";s:8:""priority"";i:1;s:4:""from"";s:1:""3"";s:2:""to"";s:1:""4"";}i:1;a:5:{s:4:""type"";s:4:""days"";s:8:""bookable"";s:3:""yes"";s:8:""priority"";i:1;s:4:""from"";s:1:""6"";s:2:""to"";s:1:""7"";}}"
"3581","a:3:{i:0;a:5:{s:4:""type"";s:6:""custom"";s:8:""bookable"";s:2:""no"";s:8:""priority"";i:1;s:4:""from"";s:10:""2016-12-06"";s:2:""to"";s:10:""2017-03-31"";}i:1;a:5:{s:4:""type"";s:4:""days"";s:8:""bookable"";s:3:""yes"";s:8:""priority"";i:1;s:4:""from"";s:1:""7"";s:2:""to"";s:1:""2"";}i:2;a:5:{s:4:""type"";s:4:""days"";s:8:""bookable"";s:3:""yes"";s:8:""priority"";i:1;s:4:""from"";s:1:""4"";s:2:""to"";s:1:""5"";}}"
"3583","a:3:{i:0;a:5:{s:4:""type"";s:6:""custom"";s:8:""bookable"";s:2:""no"";s:8:""priority"";i:1;s:4:""from"";s:10:""2016-12-07"";s:2:""to"";s:10:""2017-03-31"";}i:1;a:5:{s:4:""type"";s:4:""days"";s:8:""bookable"";s:3:""yes"";s:8:""priority"";i:1;s:4:""from"";s:1:""7"";s:2:""to"";s:1:""2"";}i:2;a:5:{s:4:""type"";s:4:""days"";s:8:""bookable"";s:3:""yes"";s:8:""priority"";i:1;s:4:""from"";s:1:""4"";s:2:""to"";s:1:""5"";}}"
"3586","a:3:{i:0;a:5:{s:4:""type"";s:6:""custom"";s:8:""bookable"";s:2:""no"";s:8:""priority"";i:1;s:4:""from"";s:10:""2016-12-07"";s:2:""to"";s:10:""2017-03-31"";}i:1;a:5:{s:4:""type"";s:4:""days"";s:8:""bookable"";s:3:""yes"";s:8:""priority"";i:1;s:4:""from"";s:1:""7"";s:2:""to"";s:1:""2"";}i:2;a:5:{s:4:""type"";s:4:""days"";s:8:""bookable"";s:3:""yes"";s:8:""priority"";i:1;s:4:""from"";s:1:""4"";s:2:""to"";s:1:""5"";}}"
"3587","a:3:{i:0;a:5:{s:4:""type"";s:6:""custom"";s:8:""bookable"";s:2:""no"";s:8:""priority"";i:1;s:4:""from"";s:10:""2016-12-07"";s:2:""to"";s:10:""2017-03-31"";}i:1;a:5:{s:4:""type"";s:4:""days"";s:8:""bookable"";s:3:""yes"";s:8:""priority"";i:1;s:4:""from"";s:1:""7"";s:2:""to"";s:1:""2"";}i:2;a:5:{s:4:""type"";s:4:""days"";s:8:""bookable"";s:3:""yes"";s:8:""priority"";i:1;s:4:""from"";s:1:""4"";s:2:""to"";s:1:""5"";}}"
"3590","a:3:{i:0;a:5:{s:4:""type"";s:6:""custom"";s:8:""bookable"";s:2:""no"";s:8:""priority"";i:1;s:4:""from"";s:10:""2016-12-07"";s:2:""to"";s:10:""2017-03-31"";}i:1;a:5:{s:4:""type"";s:4:""days"";s:8:""bookable"";s:3:""yes"";s:8:""priority"";i:1;s:4:""from"";s:1:""1"";s:2:""to"";s:1:""1"";}i:2;a:5:{s:4:""type"";s:4:""days"";s:8:""bookable"";s:3:""yes"";s:8:""priority"";i:1;s:4:""from"";s:1:""5"";s:2:""to"";s:1:""5"";}}"
"3591","a:4:{i:0;a:5:{s:4:""type"";s:6:""custom"";s:8:""bookable"";s:2:""no"";s:8:""priority"";i:1;s:4:""from"";s:10:""2016-12-07"";s:2:""to"";s:10:""2017-03-31"";}i:1;a:5:{s:4:""type"";s:4:""days"";s:8:""bookable"";s:3:""yes"";s:8:""priority"";i:1;s:4:""from"";s:1:""1"";s:2:""to"";s:1:""1"";}i:2;a:5:{s:4:""type"";s:4:""days"";s:8:""bookable"";s:3:""yes"";s:8:""priority"";i:1;s:4:""from"";s:1:""3"";s:2:""to"";s:1:""3"";}i:3;a:5:{s:4:""type"";s:4:""days"";s:8:""bookable"";s:3:""yes"";s:8:""priority"";i:1;s:4:""from"";s:1:""5"";s:2:""to"";s:1:""6"";}}"
"3593","a:3:{i:0;a:5:{s:4:""type"";s:6:""custom"";s:8:""bookable"";s:2:""no"";s:8:""priority"";i:1;s:4:""from"";s:10:""2016-11-01"";s:2:""to"";s:10:""2017-03-31"";}i:1;a:5:{s:4:""type"";s:4:""days"";s:8:""bookable"";s:3:""yes"";s:8:""priority"";i:1;s:4:""from"";s:1:""2"";s:2:""to"";s:1:""2"";}i:2;a:5:{s:4:""type"";s:4:""days"";s:8:""bookable"";s:3:""yes"";s:8:""priority"";i:1;s:4:""from"";s:1:""5"";s:2:""to"";s:1:""5"";}}"
"3625","a:2:{i:0;a:5:{s:4:""type"";s:6:""time:7"";s:8:""bookable"";s:3:""yes"";s:8:""priority"";i:1;s:4:""from"";s:5:""09:30"";s:2:""to"";s:5:""18:00"";}i:1;a:5:{s:4:""type"";s:6:""time:1"";s:8:""bookable"";s:3:""yes"";s:8:""priority"";i:1;s:4:""from"";s:5:""09:30"";s:2:""to"";s:5:""18:00"";}}"
"3663","a:3:{i:0;a:5:{s:4:""type"";s:6:""custom"";s:8:""bookable"";s:2:""no"";s:8:""priority"";i:1;s:4:""from"";s:10:""2016-11-01"";s:2:""to"";s:10:""2017-04-01"";}i:1;a:5:{s:4:""type"";s:4:""days"";s:8:""bookable"";s:3:""yes"";s:8:""priority"";i:1;s:4:""from"";s:1:""2"";s:2:""to"";s:1:""2"";}i:2;a:5:{s:4:""type"";s:4:""days"";s:8:""bookable"";s:3:""yes"";s:8:""priority"";i:1;s:4:""from"";s:1:""5"";s:2:""to"";s:1:""5"";}}"
"3680","a:1:{i:0;a:5:{s:4:""type"";s:4:""time"";s:8:""bookable"";s:3:""yes"";s:8:""priority"";i:10;s:4:""from"";s:5:""09:00"";s:2:""to"";s:5:""21:00"";}}"
"3682","a:2:{i:0;a:5:{s:4:""type"";s:4:""time"";s:8:""bookable"";s:3:""yes"";s:8:""priority"";i:10;s:4:""from"";s:5:""09:00"";s:2:""to"";s:5:""21:00"";}i:1;a:5:{s:4:""type"";s:4:""time"";s:8:""bookable"";s:2:""no"";s:8:""priority"";i:10;s:4:""from"";s:5:""21:00"";s:2:""to"";s:5:""09:00"";}}"
"3683","a:2:{i:0;a:5:{s:4:""type"";s:4:""time"";s:8:""bookable"";s:3:""yes"";s:8:""priority"";i:10;s:4:""from"";s:5:""08:00"";s:2:""to"";s:5:""21:00"";}i:1;a:5:{s:4:""type"";s:4:""time"";s:8:""bookable"";s:2:""no"";s:8:""priority"";i:10;s:4:""from"";s:5:""21:00"";s:2:""to"";s:5:""08:00"";}}"
"3687","a:2:{i:0;a:5:{s:4:""type"";s:6:""custom"";s:8:""bookable"";s:2:""no"";s:8:""priority"";i:10;s:4:""from"";s:10:""2016-11-16"";s:2:""to"";s:10:""2017-03-31"";}i:1;a:5:{s:4:""type"";s:4:""time"";s:8:""bookable"";s:3:""yes"";s:8:""priority"";i:10;s:4:""from"";s:5:""09:00"";s:2:""to"";s:5:""21:00"";}}"
"3688","a:2:{i:0;a:5:{s:4:""type"";s:4:""time"";s:8:""bookable"";s:3:""yes"";s:8:""priority"";i:10;s:4:""from"";s:5:""09:00"";s:2:""to"";s:5:""21:00"";}i:1;a:5:{s:4:""type"";s:4:""time"";s:8:""bookable"";s:2:""no"";s:8:""priority"";i:10;s:4:""from"";s:5:""21:00"";s:2:""to"";s:5:""09:00"";}}"
"3763","a:1:{i:0;a:5:{s:4:""type"";s:6:""custom"";s:8:""bookable"";s:2:""no"";s:8:""priority"";i:1;s:4:""from"";s:10:""2017-01-26"";s:2:""to"";s:10:""2017-02-13"";}}"
"3871","a:1:{i:0;a:5:{s:4:""type"";s:6:""months"";s:8:""bookable"";s:2:""no"";s:8:""priority"";i:1;s:4:""from"";s:1:""1"";s:2:""to"";s:1:""2"";}}"
"3883","a:1:{i:0;a:5:{s:4:""type"";s:6:""months"";s:8:""bookable"";s:2:""no"";s:8:""priority"";i:10;s:4:""from"";s:1:""1"";s:2:""to"";s:1:""2"";}}"
"3891","a:1:{i:0;a:5:{s:4:""type"";s:6:""months"";s:8:""bookable"";s:2:""no"";s:8:""priority"";i:10;s:4:""from"";s:1:""1"";s:2:""to"";s:1:""2"";}}"
"3903","a:1:{i:0;a:5:{s:4:""type"";s:6:""months"";s:8:""bookable"";s:2:""no"";s:8:""priority"";i:10;s:4:""from"";s:1:""1"";s:2:""to"";s:1:""2"";}}"
"3928","a:1:{i:0;a:5:{s:4:""type"";s:4:""time"";s:8:""bookable"";s:2:""no"";s:8:""priority"";i:2;s:4:""from"";s:5:""19:00"";s:2:""to"";s:5:""00:00"";}}"
"3937","a:1:{i:0;a:5:{s:4:""type"";s:6:""months"";s:8:""bookable"";s:2:""no"";s:8:""priority"";i:10;s:4:""from"";s:1:""1"";s:2:""to"";s:1:""2"";}}"
"3940","a:1:{i:0;a:5:{s:4:""type"";s:6:""months"";s:8:""bookable"";s:2:""no"";s:8:""priority"";i:10;s:4:""from"";s:1:""1"";s:2:""to"";s:1:""2"";}}"
"3941","a:1:{i:0;a:5:{s:4:""type"";s:6:""months"";s:8:""bookable"";s:2:""no"";s:8:""priority"";i:10;s:4:""from"";s:1:""1"";s:2:""to"";s:1:""2"";}}"
"3946","a:1:{i:0;a:5:{s:4:""type"";s:6:""months"";s:8:""bookable"";s:2:""no"";s:8:""priority"";i:10;s:4:""from"";s:1:""1"";s:2:""to"";s:1:""2"";}}"
"3947","a:1:{i:0;a:5:{s:4:""type"";s:6:""months"";s:8:""bookable"";s:2:""no"";s:8:""priority"";i:10;s:4:""from"";s:1:""1"";s:2:""to"";s:1:""2"";}}"
"3950","a:1:{i:0;a:5:{s:4:""type"";s:6:""months"";s:8:""bookable"";s:2:""no"";s:8:""priority"";i:10;s:4:""from"";s:1:""1"";s:2:""to"";s:1:""2"";}}"
"3980","a:2:{i:0;a:5:{s:4:""type"";s:6:""custom"";s:8:""bookable"";s:2:""no"";s:8:""priority"";i:1;s:4:""from"";s:10:""2016-12-06"";s:2:""to"";s:10:""2017-03-31"";}i:1;a:5:{s:4:""type"";s:4:""time"";s:8:""bookable"";s:2:""no"";s:8:""priority"";i:2;s:4:""from"";s:5:""19:00"";s:2:""to"";s:5:""00:00"";}}"
"3988","a:1:{i:0;a:5:{s:4:""type"";s:4:""time"";s:8:""bookable"";s:2:""no"";s:8:""priority"";i:1;s:4:""from"";s:5:""19:00"";s:2:""to"";s:5:""00:00"";}}"
"3997","a:1:{i:0;a:5:{s:4:""type"";s:6:""months"";s:8:""bookable"";s:2:""no"";s:8:""priority"";i:10;s:4:""from"";s:1:""1"";s:2:""to"";s:1:""2"";}}"
"4002","a:1:{i:0;a:5:{s:4:""type"";s:6:""months"";s:8:""bookable"";s:2:""no"";s:8:""priority"";i:10;s:4:""from"";s:1:""1"";s:2:""to"";s:1:""2"";}}"
"4018","a:2:{i:0;a:5:{s:4:""type"";s:6:""time:3"";s:8:""bookable"";s:3:""yes"";s:8:""priority"";i:1;s:4:""from"";s:5:""08:30"";s:2:""to"";s:5:""17:30"";}i:1;a:5:{s:4:""type"";s:6:""time:7"";s:8:""bookable"";s:3:""yes"";s:8:""priority"";i:1;s:4:""from"";s:5:""08:30"";s:2:""to"";s:5:""17:30"";}}"
"4060","a:1:{i:0;a:5:{s:4:""type"";s:6:""months"";s:8:""bookable"";s:2:""no"";s:8:""priority"";i:10;s:4:""from"";s:1:""1"";s:2:""to"";s:1:""2"";}}"
"4063","a:1:{i:0;a:5:{s:4:""type"";s:6:""months"";s:8:""bookable"";s:2:""no"";s:8:""priority"";i:10;s:4:""from"";s:1:""1"";s:2:""to"";s:1:""2"";}}"
"4110","a:4:{i:0;a:5:{s:4:""type"";s:6:""custom"";s:8:""bookable"";s:2:""no"";s:8:""priority"";i:1;s:4:""from"";s:10:""2016-12-15"";s:2:""to"";s:10:""2017-03-31"";}i:1;a:5:{s:4:""type"";s:4:""days"";s:8:""bookable"";s:3:""yes"";s:8:""priority"";i:1;s:4:""from"";s:1:""7"";s:2:""to"";s:1:""7"";}i:2;a:5:{s:4:""type"";s:6:""time:3"";s:8:""bookable"";s:3:""yes"";s:8:""priority"";i:1;s:4:""from"";s:5:""00:00"";s:2:""to"";s:5:""00:00"";}i:3;a:5:{s:4:""type"";s:6:""time:5"";s:8:""bookable"";s:3:""yes"";s:8:""priority"";i:1;s:4:""from"";s:5:""00:00"";s:2:""to"";s:5:""00:00"";}}"
"4118","a:1:{i:0;a:5:{s:4:""type"";s:6:""months"";s:8:""bookable"";s:2:""no"";s:8:""priority"";i:10;s:4:""from"";s:1:""1"";s:2:""to"";s:1:""2"";}}"
"4120","a:1:{i:0;a:5:{s:4:""type"";s:6:""months"";s:8:""bookable"";s:2:""no"";s:8:""priority"";i:10;s:4:""from"";s:1:""1"";s:2:""to"";s:1:""2"";}}"
"4209","a:2:{i:0;a:5:{s:4:""type"";s:6:""months"";s:8:""bookable"";s:2:""no"";s:8:""priority"";i:1;s:4:""from"";s:1:""1"";s:2:""to"";s:1:""3"";}i:1;a:5:{s:4:""type"";s:6:""months"";s:8:""bookable"";s:2:""no"";s:8:""priority"";i:1;s:4:""from"";s:2:""12"";s:2:""to"";s:2:""12"";}}"
"4317","a:1:{i:0;a:5:{s:4:""type"";s:6:""months"";s:8:""bookable"";s:2:""no"";s:8:""priority"";i:1;s:4:""from"";s:1:""1"";s:2:""to"";s:1:""3"";}}"
"4329","a:1:{i:0;a:5:{s:4:""type"";s:6:""months"";s:8:""bookable"";s:2:""no"";s:8:""priority"";i:1;s:4:""from"";s:1:""1"";s:2:""to"";s:1:""3"";}}"
"4333","a:3:{i:0;a:5:{s:4:""type"";s:6:""custom"";s:8:""bookable"";s:2:""no"";s:8:""priority"";i:1;s:4:""from"";s:10:""2017-01-11"";s:2:""to"";s:10:""2017-03-31"";}i:1;a:5:{s:4:""type"";s:6:""time:7"";s:8:""bookable"";s:3:""yes"";s:8:""priority"";i:2;s:4:""from"";s:5:""00:00"";s:2:""to"";s:5:""00:00"";}i:2;a:5:{s:4:""type"";s:6:""time:2"";s:8:""bookable"";s:3:""yes"";s:8:""priority"";i:2;s:4:""from"";s:5:""00:00"";s:2:""to"";s:5:""00:00"";}}"
"4341","a:2:{i:0;a:5:{s:4:""type"";s:6:""time:7"";s:8:""bookable"";s:3:""yes"";s:8:""priority"";i:1;s:4:""from"";s:5:""00:00"";s:2:""to"";s:5:""00:00"";}i:1;a:5:{s:4:""type"";s:6:""time:4"";s:8:""bookable"";s:3:""yes"";s:8:""priority"";i:1;s:4:""from"";s:5:""00:00"";s:2:""to"";s:5:""00:00"";}}"
"4356","a:1:{i:0;a:5:{s:4:""type"";s:6:""months"";s:8:""bookable"";s:2:""no"";s:8:""priority"";i:1;s:4:""from"";s:1:""1"";s:2:""to"";s:1:""3"";}}"
"4377","a:1:{i:0;a:5:{s:4:""type"";s:6:""months"";s:8:""bookable"";s:2:""no"";s:8:""priority"";i:1;s:4:""from"";s:1:""1"";s:2:""to"";s:1:""3"";}}"
"4380","a:3:{i:0;a:5:{s:4:""type"";s:6:""months"";s:8:""bookable"";s:2:""no"";s:8:""priority"";i:1;s:4:""from"";s:1:""1"";s:2:""to"";s:1:""4"";}i:1;a:5:{s:4:""type"";s:6:""time:3"";s:8:""bookable"";s:3:""yes"";s:8:""priority"";i:1;s:4:""from"";s:5:""00:00"";s:2:""to"";s:5:""00:00"";}i:2;a:5:{s:4:""type"";s:6:""time:6"";s:8:""bookable"";s:3:""yes"";s:8:""priority"";i:1;s:4:""from"";s:5:""00:00"";s:2:""to"";s:5:""00:00"";}}"
"4383","a:4:{i:0;a:5:{s:4:""type"";s:6:""months"";s:8:""bookable"";s:2:""no"";s:8:""priority"";i:1;s:4:""from"";s:1:""1"";s:2:""to"";s:1:""3"";}i:1;a:5:{s:4:""type"";s:6:""time:1"";s:8:""bookable"";s:3:""yes"";s:8:""priority"";i:1;s:4:""from"";s:5:""00:00"";s:2:""to"";s:5:""00:00"";}i:2;a:5:{s:4:""type"";s:6:""time:3"";s:8:""bookable"";s:3:""yes"";s:8:""priority"";i:1;s:4:""from"";s:5:""00:00"";s:2:""to"";s:5:""00:00"";}i:3;a:5:{s:4:""type"";s:6:""time:6"";s:8:""bookable"";s:3:""yes"";s:8:""priority"";i:1;s:4:""from"";s:5:""00:00"";s:2:""to"";s:5:""00:00"";}}"
"4397","a:1:{i:0;a:5:{s:4:""type"";s:6:""months"";s:8:""bookable"";s:2:""no"";s:8:""priority"";i:1;s:4:""from"";s:1:""1"";s:2:""to"";s:1:""3"";}}"
"4424","a:3:{i:0;a:5:{s:4:""type"";s:6:""months"";s:8:""bookable"";s:2:""no"";s:8:""priority"";i:1;s:4:""from"";s:1:""1"";s:2:""to"";s:1:""3"";}i:1;a:5:{s:4:""type"";s:6:""time:1"";s:8:""bookable"";s:3:""yes"";s:8:""priority"";i:1;s:4:""from"";s:5:""00:00"";s:2:""to"";s:5:""00:00"";}i:2;a:5:{s:4:""type"";s:6:""time:4"";s:8:""bookable"";s:3:""yes"";s:8:""priority"";i:1;s:4:""from"";s:5:""00:00"";s:2:""to"";s:5:""00:00"";}}"
"4430","a:3:{i:0;a:5:{s:4:""type"";s:6:""months"";s:8:""bookable"";s:2:""no"";s:8:""priority"";i:1;s:4:""from"";s:1:""1"";s:2:""to"";s:1:""3"";}i:1;a:5:{s:4:""type"";s:6:""time:1"";s:8:""bookable"";s:3:""yes"";s:8:""priority"";i:1;s:4:""from"";s:5:""00:00"";s:2:""to"";s:5:""00:00"";}i:2;a:5:{s:4:""type"";s:6:""time:4"";s:8:""bookable"";s:3:""yes"";s:8:""priority"";i:1;s:4:""from"";s:5:""00:00"";s:2:""to"";s:5:""00:00"";}}"
"4439","a:2:{i:0;a:5:{s:4:""type"";s:4:""days"";s:8:""bookable"";s:3:""yes"";s:8:""priority"";i:1;s:4:""from"";s:1:""5"";s:2:""to"";s:1:""7"";}i:1;a:5:{s:4:""type"";s:6:""time:3"";s:8:""bookable"";s:3:""yes"";s:8:""priority"";i:1;s:4:""from"";s:5:""00:00"";s:2:""to"";s:5:""00:00"";}}"
"4460","a:3:{i:0;a:5:{s:4:""type"";s:6:""months"";s:8:""bookable"";s:2:""no"";s:8:""priority"";i:1;s:4:""from"";s:1:""1"";s:2:""to"";s:1:""3"";}i:1;a:5:{s:4:""type"";s:6:""time:7"";s:8:""bookable"";s:3:""yes"";s:8:""priority"";i:1;s:4:""from"";s:5:""00:00"";s:2:""to"";s:5:""00:00"";}i:2;a:5:{s:4:""type"";s:6:""time:4"";s:8:""bookable"";s:3:""yes"";s:8:""priority"";i:1;s:4:""from"";s:5:""00:00"";s:2:""to"";s:5:""00:00"";}}"
"4463","a:3:{i:0;a:5:{s:4:""type"";s:6:""months"";s:8:""bookable"";s:2:""no"";s:8:""priority"";i:1;s:4:""from"";s:1:""1"";s:2:""to"";s:1:""3"";}i:1;a:5:{s:4:""type"";s:6:""time:7"";s:8:""bookable"";s:3:""yes"";s:8:""priority"";i:1;s:4:""from"";s:5:""00:00"";s:2:""to"";s:5:""00:00"";}i:2;a:5:{s:4:""type"";s:6:""time:4"";s:8:""bookable"";s:3:""yes"";s:8:""priority"";i:1;s:4:""from"";s:5:""00:00"";s:2:""to"";s:5:""00:00"";}}"
"4523","a:3:{i:0;a:5:{s:4:""type"";s:6:""months"";s:8:""bookable"";s:2:""no"";s:8:""priority"";i:1;s:4:""from"";s:1:""1"";s:2:""to"";s:1:""3"";}i:1;a:5:{s:4:""type"";s:6:""time:3"";s:8:""bookable"";s:3:""yes"";s:8:""priority"";i:1;s:4:""from"";s:5:""00:00"";s:2:""to"";s:5:""00:00"";}i:2;a:5:{s:4:""type"";s:6:""time:6"";s:8:""bookable"";s:3:""yes"";s:8:""priority"";i:1;s:4:""from"";s:5:""00:00"";s:2:""to"";s:5:""00:00"";}}"
"4613","a:1:{i:0;a:5:{s:4:""type"";s:6:""custom"";s:8:""bookable"";s:2:""no"";s:8:""priority"";i:1;s:4:""from"";s:10:""2017-01-26"";s:2:""to"";s:10:""2017-02-13"";}}"
"4628","a:1:{i:0;a:5:{s:4:""type"";s:4:""days"";s:8:""bookable"";s:3:""yes"";s:8:""priority"";i:1;s:4:""from"";s:1:""1"";s:2:""to"";s:1:""5"";}}"
"4672","a:1:{i:0;a:5:{s:4:""type"";s:6:""months"";s:8:""bookable"";s:2:""no"";s:8:""priority"";i:1;s:4:""from"";s:1:""1"";s:2:""to"";s:1:""3"";}}"
"4788","a:2:{i:0;a:5:{s:4:""type"";s:6:""months"";s:8:""bookable"";s:2:""no"";s:8:""priority"";i:1;s:4:""from"";s:1:""1"";s:2:""to"";s:1:""3"";}i:1;a:5:{s:4:""type"";s:6:""months"";s:8:""bookable"";s:2:""no"";s:8:""priority"";i:1;s:4:""from"";s:2:""11"";s:2:""to"";s:2:""12"";}}"
"4790","a:2:{i:0;a:5:{s:4:""type"";s:6:""months"";s:8:""bookable"";s:2:""no"";s:8:""priority"";i:1;s:4:""from"";s:1:""1"";s:2:""to"";s:1:""3"";}i:1;a:5:{s:4:""type"";s:6:""months"";s:8:""bookable"";s:2:""no"";s:8:""priority"";i:1;s:4:""from"";s:2:""11"";s:2:""to"";s:2:""12"";}}"
"4890","a:2:{i:0;a:5:{s:4:""type"";s:6:""time:1"";s:8:""bookable"";s:3:""yes"";s:8:""priority"";i:1;s:4:""from"";s:5:""00:00"";s:2:""to"";s:5:""00:00"";}i:1;a:5:{s:4:""type"";s:6:""time:4"";s:8:""bookable"";s:3:""yes"";s:8:""priority"";i:1;s:4:""from"";s:5:""00:00"";s:2:""to"";s:5:""00:00"";}}"
"4891","a:1:{i:0;a:5:{s:4:""type"";s:6:""time:2"";s:8:""bookable"";s:3:""yes"";s:8:""priority"";i:1;s:4:""from"";s:5:""00:00"";s:2:""to"";s:5:""00:00"";}}"
"4892","a:1:{i:0;a:5:{s:4:""type"";s:4:""days"";s:8:""bookable"";s:3:""yes"";s:8:""priority"";i:1;s:4:""from"";s:1:""1"";s:2:""to"";s:1:""5"";}}"
"4895","a:1:{i:0;a:5:{s:4:""type"";s:4:""days"";s:8:""bookable"";s:3:""yes"";s:8:""priority"";i:1;s:4:""from"";s:1:""2"";s:2:""to"";s:1:""7"";}}"
"4896","a:1:{i:0;a:5:{s:4:""type"";s:4:""days"";s:8:""bookable"";s:3:""yes"";s:8:""priority"";i:1;s:4:""from"";s:1:""1"";s:2:""to"";s:1:""6"";}}"
"4897","a:2:{i:0;a:5:{s:4:""type"";s:4:""days"";s:8:""bookable"";s:3:""yes"";s:8:""priority"";i:1;s:4:""from"";s:1:""1"";s:2:""to"";s:1:""7"";}i:1;a:5:{s:4:""type"";s:4:""days"";s:8:""bookable"";s:2:""no"";s:8:""priority"";i:1;s:4:""from"";s:1:""2"";s:2:""to"";s:1:""2"";}}"
"5227","a:1:{i:0;a:5:{s:4:""type"";s:4:""days"";s:8:""bookable"";s:3:""yes"";s:8:""priority"";i:1;s:4:""from"";s:1:""7"";s:2:""to"";s:1:""4"";}}"
"5477","a:1:{i:0;a:5:{s:4:""type"";s:4:""days"";s:8:""bookable"";s:2:""no"";s:8:""priority"";i:1;s:4:""from"";s:1:""1"";s:2:""to"";s:1:""1"";}}"
"5498","a:1:{i:0;a:5:{s:4:""type"";s:4:""days"";s:8:""bookable"";s:3:""yes"";s:8:""priority"";i:1;s:4:""from"";s:1:""1"";s:2:""to"";s:1:""5"";}}"
"5500","a:1:{i:0;a:5:{s:4:""type"";s:4:""days"";s:8:""bookable"";s:3:""yes"";s:8:""priority"";i:1;s:4:""from"";s:1:""1"";s:2:""to"";s:1:""5"";}}"
"5508","a:1:{i:0;a:5:{s:4:""type"";s:4:""days"";s:8:""bookable"";s:3:""yes"";s:8:""priority"";i:1;s:4:""from"";s:1:""1"";s:2:""to"";s:1:""6"";}}"
"5513","a:1:{i:0;a:5:{s:4:""type"";s:4:""days"";s:8:""bookable"";s:3:""yes"";s:8:""priority"";i:1;s:4:""from"";s:1:""2"";s:2:""to"";s:1:""7"";}}"
"5526","a:1:{i:0;a:5:{s:4:""type"";s:4:""days"";s:8:""bookable"";s:3:""yes"";s:8:""priority"";i:1;s:4:""from"";s:1:""1"";s:2:""to"";s:1:""1"";}}"
"5527","a:1:{i:0;a:5:{s:4:""type"";s:4:""days"";s:8:""bookable"";s:3:""yes"";s:8:""priority"";i:1;s:4:""from"";s:1:""1"";s:2:""to"";s:1:""1"";}}"
"5528","a:1:{i:0;a:5:{s:4:""type"";s:4:""days"";s:8:""bookable"";s:3:""yes"";s:8:""priority"";i:1;s:4:""from"";s:1:""2"";s:2:""to"";s:1:""2"";}}"
"5529","a:1:{i:0;a:5:{s:4:""type"";s:4:""days"";s:8:""bookable"";s:3:""yes"";s:8:""priority"";i:1;s:4:""from"";s:1:""2"";s:2:""to"";s:1:""2"";}}"
"5530","a:1:{i:0;a:5:{s:4:""type"";s:4:""days"";s:8:""bookable"";s:3:""yes"";s:8:""priority"";i:1;s:4:""from"";s:1:""3"";s:2:""to"";s:1:""3"";}}"
"5531","a:1:{i:0;a:5:{s:4:""type"";s:4:""days"";s:8:""bookable"";s:3:""yes"";s:8:""priority"";i:1;s:4:""from"";s:1:""3"";s:2:""to"";s:1:""3"";}}"
"5532","a:1:{i:0;a:5:{s:4:""type"";s:4:""days"";s:8:""bookable"";s:3:""yes"";s:8:""priority"";i:1;s:4:""from"";s:1:""4"";s:2:""to"";s:1:""4"";}}"
"5533","a:1:{i:0;a:5:{s:4:""type"";s:4:""days"";s:8:""bookable"";s:3:""yes"";s:8:""priority"";i:1;s:4:""from"";s:1:""4"";s:2:""to"";s:1:""4"";}}"
"5534","a:1:{i:0;a:5:{s:4:""type"";s:4:""days"";s:8:""bookable"";s:3:""yes"";s:8:""priority"";i:1;s:4:""from"";s:1:""5"";s:2:""to"";s:1:""5"";}}"
"5535","a:1:{i:0;a:5:{s:4:""type"";s:4:""days"";s:8:""bookable"";s:3:""yes"";s:8:""priority"";i:1;s:4:""from"";s:1:""5"";s:2:""to"";s:1:""5"";}}"
"5536","a:1:{i:0;a:5:{s:4:""type"";s:4:""days"";s:8:""bookable"";s:3:""yes"";s:8:""priority"";i:1;s:4:""from"";s:1:""6"";s:2:""to"";s:1:""6"";}}"
"5537","a:1:{i:0;a:5:{s:4:""type"";s:4:""days"";s:8:""bookable"";s:3:""yes"";s:8:""priority"";i:1;s:4:""from"";s:1:""6"";s:2:""to"";s:1:""6"";}}"
"5538","a:1:{i:0;a:5:{s:4:""type"";s:4:""days"";s:8:""bookable"";s:3:""yes"";s:8:""priority"";i:1;s:4:""from"";s:1:""7"";s:2:""to"";s:1:""7"";}}"
"5539","a:1:{i:0;a:5:{s:4:""type"";s:4:""days"";s:8:""bookable"";s:3:""yes"";s:8:""priority"";i:1;s:4:""from"";s:1:""7"";s:2:""to"";s:1:""7"";}}"
"5812","a:1:{i:0;a:5:{s:4:""type"";s:6:""custom"";s:8:""bookable"";s:3:""yes"";s:8:""priority"";i:10;s:4:""from"";s:10:""2017-04-29"";s:2:""to"";s:10:""2017-04-30"";}}"
"5860","a:3:{i:0;a:5:{s:4:""type"";s:4:""days"";s:8:""bookable"";s:3:""yes"";s:8:""priority"";i:1;s:4:""from"";s:1:""1"";s:2:""to"";s:1:""1"";}i:1;a:5:{s:4:""type"";s:4:""days"";s:8:""bookable"";s:3:""yes"";s:8:""priority"";i:1;s:4:""from"";s:1:""3"";s:2:""to"";s:1:""3"";}i:2;a:5:{s:4:""type"";s:4:""days"";s:8:""bookable"";s:3:""yes"";s:8:""priority"";i:1;s:4:""from"";s:1:""5"";s:2:""to"";s:1:""5"";}}"
"5887","a:1:{i:0;a:5:{s:4:""type"";s:4:""days"";s:8:""bookable"";s:3:""yes"";s:8:""priority"";i:1;s:4:""from"";s:1:""1"";s:2:""to"";s:1:""5"";}}"
"5890","a:1:{i:0;a:5:{s:4:""type"";s:4:""days"";s:8:""bookable"";s:3:""yes"";s:8:""priority"";i:1;s:4:""from"";s:1:""1"";s:2:""to"";s:1:""5"";}}"
"5891","a:1:{i:0;a:5:{s:4:""type"";s:4:""days"";s:8:""bookable"";s:3:""yes"";s:8:""priority"";i:1;s:4:""from"";s:1:""1"";s:2:""to"";s:1:""5"";}}"
"5892","a:1:{i:0;a:5:{s:4:""type"";s:4:""days"";s:8:""bookable"";s:3:""yes"";s:8:""priority"";i:1;s:4:""from"";s:1:""1"";s:2:""to"";s:1:""5"";}}"
"5939","a:1:{i:0;a:5:{s:4:""type"";s:6:""months"";s:8:""bookable"";s:2:""no"";s:8:""priority"";i:10;s:4:""from"";s:1:""1"";s:2:""to"";s:1:""2"";}}"
"5943","a:1:{i:0;a:5:{s:4:""type"";s:6:""months"";s:8:""bookable"";s:2:""no"";s:8:""priority"";i:10;s:4:""from"";s:1:""1"";s:2:""to"";s:1:""2"";}}"
"5944","a:1:{i:0;a:5:{s:4:""type"";s:6:""months"";s:8:""bookable"";s:2:""no"";s:8:""priority"";i:10;s:4:""from"";s:1:""1"";s:2:""to"";s:1:""2"";}}"
"5945","a:1:{i:0;a:5:{s:4:""type"";s:6:""months"";s:8:""bookable"";s:2:""no"";s:8:""priority"";i:10;s:4:""from"";s:1:""1"";s:2:""to"";s:1:""2"";}}"
"5964","a:1:{i:0;a:5:{s:4:""type"";s:4:""days"";s:8:""bookable"";s:3:""yes"";s:8:""priority"";i:1;s:4:""from"";s:1:""7"";s:2:""to"";s:1:""7"";}}"
"5969","a:1:{i:0;a:5:{s:4:""type"";s:4:""days"";s:8:""bookable"";s:3:""yes"";s:8:""priority"";i:1;s:4:""from"";s:1:""7"";s:2:""to"";s:1:""7"";}}"
"6009","a:1:{i:0;a:5:{s:4:""type"";s:4:""days"";s:8:""bookable"";s:3:""yes"";s:8:""priority"";i:1;s:4:""from"";s:1:""7"";s:2:""to"";s:1:""7"";}}"
"6010","a:1:{i:0;a:5:{s:4:""type"";s:4:""days"";s:8:""bookable"";s:3:""yes"";s:8:""priority"";i:1;s:4:""from"";s:1:""7"";s:2:""to"";s:1:""7"";}}"
